FUNCTIONS


FROM 2012 TO 2025 WHAT ARE THE CHANGES AND UPGRADATION IN SQL SYSTEM FUNCTIONS

ALL TYPE OF FUNCTIONS
SYSTEM DEFINED FUNCTIONS
USER DEFINED FUNCTIONS
SCALAR FUNCTIONS
STRING AND AGGREGATE FUNCTIONS

CORELATED SUB QUERYIES
CO RELATED STORE PROCEDURE

INDEXES
CLUSTURED NON CLUSTERED 
LOOK UP V LOOK UP



VIEW AND MATERILIZED VIEW

USES FOR FAST RETIVAL OF DATA
AND CREATE INDEX ON MATERLIZED VIEWS
PHYSICALLY STORED USING FOR LARGE DATA SETS


SELECT DATETRUNK(MONTH,GETDATE())    2022 VERSION

SELECT VALUE FROM GENERATE_SERIES(1,10);





--CREATE DATABASE SUBQUERY
USE SUBQUERY
GO

CREATE TABLE CUSTOMERS
(CUSTOMER_ID INT PRIMARY KEY,
NAME VARCHAR(20),
CITY VARCHAR(20)
)


CREATE TABLE ORDERS
(
ORDER_ID INT ,
CUSTOMER_ID INT,
ORDER_DATE DATE,
TOTAL_AMOUNT DECIMAL
)


INSERT INTO CUSTOMERS 
VALUES(1,'ALICE_SMITH','NEW_YORK'),
( 2,' Bob Johnson' , 'Chicago' ),
( 3 ,'Carol White','New York')


-- SALES EXAMPLE: STRING_AGG

CREATE TABLE Sales (CustomerID INT, ProductName VARCHAR(50));
INSERT INTO Sales VALUES 
(1, 'Laptop'),
(1, 'Mouse'),
(2, 'Monitor'),
(2, 'Keyboard'),
(2, 'Webcam');

SELECT * FROM SALES
SELECT
CUSTOMERID , STRING_AGG(PRODUCTNAME,',') AS PURCHASEDPRODUCTS
FROM SALES
GROUP BY CUSTOMERID;

select customerid,productname,
row_number()over(partition by productname order by customerid asc) as rn
from SALES;
--output
--	customerid		productname			rn
--	2				Keyboard			1
--	1				Laptop				1
--	2				Monitor				1
--	1				Mouse				1
--	2				Webcam				1

select customerid,productname,
row_number()over(partition by customerid order by productname asc) as rn
from SALES;

----output
--	customerid		productname			rn
--		1			Laptop				1
--		1			Mouse				2
--		2			Keyboard			1
--		2			Monitor				2
--		2			Webcam				3



--(Static Pivot using Conditional Aggregation)


;with rankedsales as
(
select customerid,productname,
row_number()over(partition by customerid order by productname asc) as rn
from SALES
)
select
CUSTOMERID,
max(case when rn=1  then productname end) as product1,
max(case when rn=2 then productname end) AS PRODUCT2,
MAX(CASE WHEN RN=3 THEN PRODUCTNAME END)AS PRODUCT3
from RANKEDSALES
GROUP BY
CustomerID;

--OUTPUT
--CUSTOMERID		PRODUCT1		PRODUCT2		PRODUCT3
--	1			Laptop			Mouse			NULL
--	2			Keyboard		Monitor			Webcam


--SELECT *
--FROM
--(
--SELECT CUSTOMERID,
--MAX(CASE WHEN PRODUCTNAME='LAPTOP' THEN YES  END) AS LAPTOP,
--MAX(CASE WHEN PRODUCTNAME='MOUSE' THEN YES END) AS MOUSE,
--MAX(CASE WHEN PRODUCTNAME='MONITOR' THEN YES END) AS MONITOR,
--MAX(CASE WHEN PRODUCTNAME='KEYBOARD'THEN YES END) AS KEYBOARD,
--MAX(CASE WHEN PRODUCTNAME='WEBCAM'THEN YES END) AS WEBCAM
--FROM SALES
--GROUP BY CUSTOMERID
--)----wrong



SELECT 
    CustomerID, 
    STRING_AGG(ProductName, ', ') AS PurchasedProducts
FROM Sales
GROUP BY CustomerID;

-- SALES EXAMPLE: DATETRUNC

CREATE TABLE MonthlySales (SaleDate DATE, Amount INT);
INSERT INTO MonthlySales VALUES
('2025-01-05', 500),
('2025-01-20', 300),
('2025-02-10', 400);


SELECT * FROM MONTHLYSALES

--IN SQL 2019 OR ERLIER USE DATEFROMPARTS

SELECT 
    DATEFROMPARTS(YEAR(SaleDate), MONTH(SaleDate), 1) AS SaleMonth,
	--DATEFROMPARTS(MONTH(SALEDATE),DAY(SALEDATE),1) AS SALEDAY,
    SUM(Amount) AS TotalSales
FROM MonthlySales
GROUP BY DATEFROMPARTS(YEAR(SaleDate), MONTH(SaleDate), 1);



--IN SQL SERVER 2022 USE THIS DATETRUNC

--SELECT 
--    DATETRUNC(month, SaleDate) AS SaleMonth, 
--    SUM(Amount) AS TotalSales
--FROM MonthlySales
--GROUP BY DATETRUNC(month, SaleDate);

-- FINANCE EXAMPLE: GREATEST
CREATE TABLE Accounts (TransactionID VARCHAR(10), Amount INT, CreditLimit INT);
INSERT INTO Accounts VALUES
('T1', 1000, 1500),
('T2', 2000, 1800);

SELECT 
    TransactionID, 
    Amount, 
    CreditLimit,
    GREATEST(Amount, CreditLimit) AS MaxRisk
FROM Accounts;

-- HR EXAMPLE: STRING_SPLIT
CREATE TABLE Employees (EmployeeID INT, Skills VARCHAR(100));
INSERT INTO Employees VALUES
(101, 'SQL,Python,PowerBI');

SELECT 
    EmployeeID, 
    value AS Skill
FROM Employees
CROSS APPLY STRING_SPLIT(Skills, ',');

-- HR EXAMPLE: JSON_VALUE
CREATE TABLE Applicants (EmployeeID INT, ResumeJson NVARCHAR(MAX));
INSERT INTO Applicants VALUES
(201, '{"name":"Anna","education":{"degree":"MBA"}}');

SELECT 
    EmployeeID, 
    JSON_VALUE(ResumeJson, '$.education.degree') AS Degree
FROM Applicants;

    






	---------------

	SELECT* FROM[Sales].[SalesOrderHeader]
WHERE ORDERDATE BETWEEN '2012-05-30' AND '2012-05-31'
SELECT 
DATEFROMPARTS(YEAR(ORDERDATE),MONTH(ORDERDATE),1) AS STARTDATEOFMONTHORDER,
SUM(TOTALDUE)
FROM
[Sales].[SalesOrderHeader]
GROUP BY DATEFROMPARTS(YEAR(ORDERDATE),MONTH(ORDERDATE),1) 
ORDER BY DATEFROMPARTS(YEAR(ORDERDATE),MONTH(ORDERDATE),1) 

SELECT 
DATEFROMPARTS(YEAR(ORDERDATE),MONTH(ORDERDATE),3) AS THIRDDATEOFMONTHORDER,
SUM(TOTALDUE)
FROM
[Sales].[SalesOrderHeader]
GROUP BY DATEFROMPARTS(YEAR(ORDERDATE),MONTH(ORDERDATE),3) 
ORDER BY DATEFROMPARTS(YEAR(ORDERDATE),MONTH(ORDERDATE),3) 


SELECT 
DATEFROMPARTS(YEAR(ORDERDATE),MONTH(ORDERDATE),4) AS THIRDDATEOFMONTHORDER,
SUM(TOTALDUE)
FROM
[Sales].[SalesOrderHeader]
GROUP BY DATEFROMPARTS(YEAR(ORDERDATE),MONTH(ORDERDATE),4) 
ORDER BY DATEFROMPARTS(YEAR(ORDERDATE),MONTH(ORDERDATE),4) 

SELECT 
DATEFROMPARTS(YEAR(ORDERDATE),MONTH(ORDERDATE),19) AS NINETEENDATEOFMONTHORDER,
SUM(TOTALDUE)
FROM
[Sales].[SalesOrderHeader]
GROUP BY DATEFROMPARTS(YEAR(ORDERDATE),MONTH(ORDERDATE),19) 
ORDER BY DATEFROMPARTS(YEAR(ORDERDATE),MONTH(ORDERDATE),19) 

SELECT 
DATEFROMPARTS(2016,12,19) AS THIRDDATEOFMONTHORDER,
SUM(TOTALDUE)
FROM
[Sales].[SalesOrderHeader]
GROUP BY DATEFROMPARTS(2012,02,29) 
ORDER BY DATEFROMPARTS(2012,02,29) 

SELECT 
OrderDate AS THIRDDATEOFMONTHORDER,
SUM(TOTALDUE)
FROM
[Sales].[SalesOrderHeader]
WHERE DAY(ORDERDATE) = '01'
GROUP BY OrderDate 
ORDER BY OrderDate DESC ;


SELECT 
    DATEFROMPARTS(YEAR(OrderDate), MONTH(OrderDate), 29) AS TwentyNinthOfMonth,
    SUM(TotalDue) AS TotalSales
FROM [Sales].[SalesOrderHeader]
--WHERE DAY(OrderDate) <= 29 -- Optional: to avoid dates like 30 or 31 if needed
GROUP BY DATEFROMPARTS(YEAR(OrderDate), MONTH(OrderDate), 29)
ORDER BY DATEFROMPARTS(YEAR(ORDERDATE),MONTH(ORDERDATE),29) ;


SELECT 
DATEFROMPARTS(YEAR(ORDERDATE),MONTH(ORDERDATE),30) AS THIRDDATEOFMONTHORDER,
SUM(TOTALDUE)
FROM
[Sales].[SalesOrderHeader]
GROUP BY DATEFROMPARTS(YEAR(ORDERDATE),MONTH(ORDERDATE),30) 
ORDER BY DATEFROMPARTS(YEAR(ORDERDATE),MONTH(ORDERDATE),30) 

SELECT 
DATEFROMPARTS(YEAR(ORDERDATE),MONTH(ORDERDATE),31) AS THIRDDATEOFMONTHORDER,
SUM(TOTALDUE)
FROM
[Sales].[SalesOrderHeader]
GROUP BY DATEFROMPARTS(YEAR(ORDERDATE),MONTH(ORDERDATE),31) 
ORDER BY DATEFROMPARTS(YEAR(ORDERDATE),MONTH(ORDERDATE),31) 

declare @pi decimal(36,36) 
set @pi=pi()
declare @a float

declare @square float
set @square =square(@pi)

select square(@square)*@pi

select power(pi(),18)

select replace('ashoka','ka','k')



print( 'hellowworld')



  SELECT TRANSLATE('abc', 'abc', '123');

    SELECT TRANSLATE('abc', 'abc', '123');

	select translate('ashok','ash','muk');


  SELECT CONCAT_WS('/', '2025', '05', '02');

    SELECT CONCAT( '2025', '05', '02');
--adventureworks
select*from [Production].[ScrapReason]
	  SELECT (STRING_AGG(name, ', ') )FROM [Production].[ScrapReason]  as new
	  
Enhanced trim

SELECT TRIM('.,' FROM ',.Hello World.,');

SELECT * FROM GENERATE_SERIES(1, 5); -- Returns 1 through 5






---------------------------------------------------------Skip to content
You said:
upgradtion in sql server what new functions are added from 2012 to now
ChatGPT said:
SQL Server has introduced several new functions and enhancements from version 2012 to the latest release. Here's an overview of the key additions:

?? SQL Server 2016 (13.x)
STRING_SPLIT: Splits a string into rows based on a specified separator.

  SELECT value FROM STRING_SPLIT('A,B,C', ',');



DROP IF EXISTS: Simplifies object deletion by checking existence before dropping.

  DROP TABLE IF EXISTS MyTable;
DATEDIFF_BIG: Returns the difference between two dates as a BIGINT, useful for large date ranges.
SQL Shack
+1
Learn SQL
+1

?? SQL Server 2017 (14.x)
TRIM: Removes leading and trailing spaces from a string.

  SELECT TRIM('  Hello World  ');
SQLServerCentral
+11
sqlrob.com
+11
sqlrelease.com
+11

CONCAT_WS: Concatenates strings with a specified separator.

  SELECT CONCAT_WS('-', '2025', '05', '02');
Big Data & SQL

TRANSLATE: Replaces multiple characters in a string.

  SELECT TRANSLATE('abc', 'abc', '123');
Techyaz.com
+3
sqlrob.com
+3
tech.io
+3

STRING_AGG: Aggregates strings into a single value with a separator.

  SELECT STRING_AGG(Name, ', ') FROM Employees;
?? SQL Server 2019 (15.x)
APPROX_COUNT_DISTINCT: Estimates the number of distinct values in a group.
Big Data & SQL

?? SQL Server 2022
APPROX_PERCENTILE_CONT / APPROX_PERCENTILE_DISC: Approximate percentile calculations for large datasets.

LEAST / GREATEST: Returns the smallest or largest value from a list of expressions.

LEFT_SHIFT / RIGHT_SHIFT: Performs bitwise left or right shifts on integer or binary data.
Learn SQL
+1
C# Corner
+1

JSON_OBJECT / JSON_ARRAY: Constructs JSON objects and arrays from expressions.
C# Corner
+2
SQLServerCentral
+2
sqlrob.com
+2

DATETRUNC: Truncates a date or time to a specified precision.

STRING_SPLIT with Ordinal: Returns the position of each element in the split string.
Big Data & SQL

Enhanced TRIM: Allows trimming of multiple characters, not just spaces.

GENSERATE_SERIES: Generates a series of values, useful for creating sequences or time series.

Window Function Enhancements: Improved performance and capabilities for analytic functions like LAG and LEAD.

BIT Functions: Introduces functions like BIT_AND, BIT_OR, and BIT_XOR for bitwise operations.

These enhancements reflect SQL Server's commitment to improving developer productivity and performance. If you need examples or further details on any specific function, feel free to ask!


Favicon
Favicon
Favicon
Favicon
Sources


You said:
?? SQL Server 2022
APPROX_PERCENTILE_CONT / APPROX_PERCENTILE_DISC: Approximate percentile calculations for large datasets.

LEAST / GREATEST: Returns the smallest or largest value from a list of expressions.

LEFT_SHIFT / RIGHT_SHIFT: Performs bitwise left or right shifts on integer or binary data.
Learn SQL
+1
C# Corner
+1

JSON_OBJECT / JSON_ARRAY: Constructs JSON objects and arrays from expressions.
C# Corner
+2
SQLServerCentral
+2
sqlrob.com
+2

DATETRUNC: Truncates a date or time to a specified precision.

STRING_SPLIT with Ordinal: Returns the position of each element in the split string.
Big Data & SQL

Enhanced TRIM: Allows trimming of multiple characters, not just spaces.

GENSERATE_SERIES: Generates a series of values, useful for creating sequences or time series.

Window Function Enhancements: Improved performance and capabilities for analytic functions like LAG and LEAD.

BIT Functions: Introduces functions like BIT_AND, BIT_OR, and BIT_XOR for bitwise operations.
ChatGPT said:
You're referencing the new built-in functions introduced in SQL Server 2022, and your summary is quite accurate. Here's a cleaned-up, clarified version for quick reference:

?? SQL Server 2022 – New & Enhanced Functions
?? Analytical & Approximate Functions
APPROX_PERCENTILE_CONT / APPROX_PERCENTILE_DISC
Calculate approximate percentiles for large data sets with better performance.

?? Aggregate & Comparison Functions
LEAST(expr1, expr2, ...) / GREATEST(expr1, expr2, ...)
Return the smallest/largest value from a list of expressions (finally in T-SQL!).

?? Bitwise Functions
BIT_AND(expr) / BIT_OR(expr) / BIT_XOR(expr)
Perform bitwise operations across grouped values (e.g., aggregates).

?? Bit Shifting
LEFT_SHIFT / RIGHT_SHIFT
Perform bitwise left/right shift on integers or binary data.

??? Date & Time Functions
DATETRUNC(datepart, date)
Truncates a date to a specific granularity (like MONTH, DAY, etc.).

SELECT DATETRUNC(MONTH, '2025-05-02'); -- Returns 2025-05-01
?? String & Text Functions
STRING_SPLIT (with ordinal support)
Now includes a column showing the order of the elements in the split string.

Enhanced TRIM
Trims multiple or custom characters from both ends of a string.

SELECT TRIM('.,' FROM ',.Hello World.,');
?? Series Generation
GENERATE_SERIES(start, stop [, step])
Generate a sequence of values without using a loop or temp table.

SELECT * FROM GENERATE_SERIES(1, 5); -- Returns 1 through 5
?? JSON Support
JSON_OBJECT / JSON_ARRAY
Easily build JSON directly from expressions or columns.

SELECT JSON_OBJECT('id': 1, 'name': 'John');
SELECT JSON_ARRAY(1, 2, 3);
?? Window Function Enhancements
Performance and usability improvements to functions like LAG, LEAD, etc.

These additions make SQL Server 2022 far more competitive with 
other modern databases in terms of data analytics, developer productivity, and JSON support.



Skip to content
You said:
INDEX ONLINE
ChatGPT said:

Could you please clarify what you mean by "INDEX ONLINE"? Are you referring to:

An online stock index (like the S&P 500 or NASDAQ)?

An online index of content, like for a book, website, or database?

A search index used for websites or search engines?

Something else entirely?

Let me know what you're looking for so I can help more precisely.

You said:
IN SQL 
ChatGPT said:
Thanks for the clarification! In SQL, 
an index is a database object that improves the speed of data retrieval operations 
on a table at the cost of additional space and slower writes (inserts/updates).

Creating an Index in SQL
CREATE INDEX index_name
ON table_name (column1, column2, ...);
Example:
CREATE INDEX idx_customer_lastname
ON customers (last_name);
This creates an index named idx_customer_lastname on the last_name column of the 
customers table to speed up queries filtering or sorting by last_name.

Types of Indexes (in many SQL systems):
Single-column vs multi-column (composite index)

Unique index: ensures values in the indexed column(s) are unique.

Full-text index: used for full-text searches (e.g., in MySQL).

Clustered index (e.g., in SQL Server): defines the physical order of rows.

Would you like examples for a specific SQL dialect (e.g., MySQL, PostgreSQL, SQL Server)?

You said:
INDEX ONLINE IN SQL
ChatGPT said:
Ah, got it — you're asking specifically about the ONLINE option in SQL indexes.

ONLINE in SQL (Index Creation/Rebuild)
In some database systems like SQL Server and Oracle, the ONLINE option allows index operations (like creating, rebuilding, or dropping indexes) to occur without locking the table for read/write access. This is useful in production environments where downtime is costly.

? Example in SQL Server:
CREATE NONCLUSTERED INDEX idx_customer_lastname
ON customers(last_name)
WITH (ONLINE = ON);
This creates the index while allowing other operations (inserts, updates, selects) to continue running on the customers table.

? Notes:
Enterprise Edition only (for SQL Server prior to 2019) – ONLINE = ON is typically not available in Standard Edition before SQL Server 2019.

Some operations (like adding a columnstore index) do not support ONLINE.

?? When to Use:
On large tables where downtime is unacceptable.

During maintenance windows in high-availability systems.

Would you like an example for a different database, like Oracle or PostgreSQL (which uses a different mechanism)?

You said:
CAN I DROP INDEX DIRECTLY
ChatGPT said:
Yes, you can drop an index directly in SQL using the DROP INDEX statement — but the exact syntax depends on the SQL dialect (e.g., SQL Server, MySQL, PostgreSQL, etc.).

? SQL Server:
DROP INDEX index_name ON table_name;
Example:

DROP INDEX idx_customer_lastname ON customers;
? MySQL:
DROP INDEX index_name ON table_name;
Example:

DROP INDEX idx_customer_lastname ON customers;
? PostgreSQL:
DROP INDEX index_name;
Example:

DROP INDEX idx_customer_lastname;
? Make sure the index is not required by constraints (like a primary key or unique constraint), or you’ll get an error.

Would you like to see how to check which indexes exist on a table before dropping one?

You said:
WITH OUT PERFORMANCE ISSUE CAME, HOW TO DROP INDEX
ChatGPT said:
Great question. To drop an index without causing performance issues, especially in a production environment, you need to approach it cautiously and strategically.

Here's a step-by-step guide to safely drop an index with minimal or no performance impact:

? 1. Identify Index Usage
Before dropping an index, confirm it's not being used by:

Query plans for critical operations.

Constraints like PRIMARY KEY or UNIQUE.

SQL Server example:

SELECT * 
FROM sys.dm_db_index_usage_stats
WHERE object_id = OBJECT_ID('your_table_name');
MySQL (with Performance Schema):
Use performance_schema or query the information_schema.statistics table.

? 2. Monitor Workload and Access Patterns
Use the database query logs, execution plans, or monitoring tools to track if the index supports important queries.

In SQL Server, you can use the Missing Indexes DMV to see if dropping an index leads to missing index recommendations later.

? 3. Drop During Low Activity Window
If you're confident the index isn't needed:

Schedule the drop during off-peak hours or a maintenance window.

Wrap the DROP INDEX in a transaction (where supported), so you can roll back if needed.

? 4. Use Online Index Operations (If Supported)
In SQL Server Enterprise/2022+ or similar high-end systems:

DROP INDEX idx_name ON table_name WITH (ONLINE = ON);
(? ONLINE = ON is not supported in all editions.)

? 5. Backup and Test
Backup the database before any structural changes.

If possible, test index removal in a staging environment with production-like traffic.

? 6. Document and Monitor
After dropping:

Monitor query performance and CPU/IO load.

Watch for regressions (slower queries, increased tempdb usage, etc.).

Would you like a script to find unused indexes in your SQL Server or MySQL database?

You said:
EXPLAIN ABOUT NO4
ChatGPT said:
Absolutely — let's explain #4: Use Online Index Operations (If Supported) more clearly:

?? What is "Online Index Operation"?
An online index operation allows you to create, rebuild, or drop an index without blocking other queries (like SELECT, INSERT, UPDATE, or DELETE) on the table.

This is extremely important in production environments where uptime and performance are critical.

? Example in SQL Server:
DROP INDEX idx_customer_lastname 
ON customers 
WITH (ONLINE = ON);
This tells SQL Server to drop the index without locking the table for read/write operations.

? Important Notes:
Only available in certain editions:

SQL Server: Requires Enterprise Edition (before 2022), or available in Standard Edition starting with SQL Server 2022.

Not supported in MySQL or PostgreSQL directly — they handle index operations differently (see below).

Online index operations may still consume CPU and I/O, so they should still be done during low activity when possible.

? Not All Indexes Support ONLINE
XML indexes, spatial indexes, and some types of partitioned indexes may not support online drop operations.

If unsupported, SQL Server will return an error like:
Msg 2725, The ONLINE option is not allowed when dropping an index. Remove the ONLINE option and try again.

?? PostgreSQL / MySQL?
These databases don’t have an explicit ONLINE clause, but:

PostgreSQL allows dropping indexes without full table locks by default, but it depends on usage.

MySQL (InnoDB) supports online DDL in some cases — index operations may or may not lock the table depending on the table structure and version.

You can check MySQL's ALGORITHM=INPLACE or LOCK=NONE options:

ALTER TABLE your_table DROP INDEX index_name, ALGORITHM=INPLACE, LOCK=NONE;
? Not all combinations are supported — MySQL will tell you if it falls back to a copy-based (locking) operation.

Would you like help checking if your SQL Server supports ONLINE = ON?






Skip to content
You said:
DATETRUNC IS NOT WORKIN INSQL SERVER 2019
ChatGPT said:
You're right to be frustrated — DATETRUNC() is not supported in SQL Server 2019. That function was only introduced in SQL Server 2022.

? What you can do instead (Workaround for SQL Server 2019):
Depending on the granularity you're targeting (e.g., year, month, day), use DATEFROMPARTS, CAST, or CONVERT. Here are examples:

?? Truncate to Year:
SELECT DATEFROMPARTS(YEAR(your_date_column), 1, 1) AS TruncatedToYear
FROM your_table;
?? Truncate to Month:
SELECT DATEFROMPARTS(YEAR(your_date_column), MONTH(your_date_column), 1) AS TruncatedToMonth
FROM your_table;
?? Truncate to Day (remove time part):
SELECT CAST(your_date_column AS DATE) AS TruncatedToDay
FROM your_table;
?? Truncate to Hour:
SELECT DATEADD(HOUR, DATEDIFF(HOUR, 0, your_date_column), 0) AS TruncatedToHour
FROM your_table;
If you let me know the specific precision you're trying to truncate to, I can tailor the query for your use case. What granularity do you need (e.g., month, hour, etc.)?

You said:
WHAT IS TRUNCDATE
ChatGPT said:
In SQL Server, there is no built-in function called TRUNCDate — so if you’re seeing it used, it’s likely one of the following:

1. A User-Defined Function (UDF)
Someone may have created a custom function named TRUNCDate to simulate date truncation (like Oracle's TRUNC() or SQL Server 2022’s DATETRUNC()).

Example:

CREATE FUNCTION dbo.TRUNCDate(@dt DATETIME)
RETURNS DATE
AS
BEGIN
    RETURN CAST(@dt AS DATE)
END
You’d call it like:

SELECT dbo.TRUNCDate(GETDATE());
2. It’s from another database system
TRUNC(date) is a valid function in Oracle and some other RDBMS systems (like PostgreSQL with slight syntax variations), where it truncates the date to a specific precision (like day, month, year, etc.).

Summary
Function	System	Purpose
TRUNC(date)	Oracle	Truncates date to day/month/year
DATETRUNC()	SQL Server 2022+	Truncates to specified date part
TRUNCDate	? Not native in SQL Server	Likely a custom function or typo
Do you have an example of how TRUNCDate is being used in your query or code?

You said:
DATETRUNC DEFENITION
ChatGPT said:
?? DATETRUNC Definition (SQL Server 2022+)
In SQL Server 2022 and later, DATETRUNC() is a built-in function that truncates a date/time value to a specified date part — such as year, month, day, hour, etc.

? Syntax:
DATETRUNC(date_part, date_expression)
date_part: A string literal specifying the unit of time to truncate to (like 'year', 'month', 'day', etc.).

date_expression: A date or datetime value you want to truncate.

?? Example Usages:
Truncate to the start of the year:
SELECT DATETRUNC('year', '2025-05-02 14:30:00') AS StartOfYear;
-- Returns: 2025-01-01 00:00:00.000
Truncate to the start of the month:
SELECT DATETRUNC('month', '2025-05-02 14:30:00') AS StartOfMonth;
-- Returns: 2025-05-01 00:00:00.000
Truncate to the hour:
SELECT DATETRUNC('hour', '2025-05-02 14:30:00') AS StartOfHour;
-- Returns: 2025-05-02 14:00:00.000
?? Common date_part Values:
'year'

'quarter'

'month'

'week'

'day'

'hour'

'minute'

'second'

?? Important:
DATETRUNC is not available in SQL Server 2019 or earlier.

Use workarounds like DATEFROMPARTS, CAST, or DATEADD + DATEDIFF in those versions.

Would you like me to show equivalent workarounds for SQL Server 2019 for a specific DATETRUNC case?

You said:
HOW TO WRITE SQL CODE FRO START OF THE MONTH FROM END OF THE MONTH DATE
ChatGPT said:
To get the start of the month from a given end-of-month date in SQL Server, you can use built-in date functions like this:

? SQL Server 2019 and earlier:
-- Assume you have an end-of-month date
DECLARE @EndOfMonthDate DATE = '2025-05-31';

-- Get the start of the same month
SELECT DATEFROMPARTS(YEAR(@EndOfMonthDate), MONTH(@EndOfMonthDate), 1) AS StartOfMonth;
?? This returns: 2025-05-01

? Alternative (also works):
SELECT CAST(EOMONTH(@EndOfMonthDate, -1) + 1 AS DATE) AS StartOfMonth;
This works by:

Getting the last day of the previous month with EOMONTH(@EndOfMonthDate, -1)

Adding 1 day ? gives the first day of the current month

Do you need this for use in a WHERE clause, report, or for a table column?

You said:

CREATE TABLE MonthlySales (SaleDate DATE, Amount INT);
INSERT INTO MonthlySales VALUES
('2025-01-05', 500),
('2025-01-20', 300),
('2025-02-10', 400);


SELECT * FROM MONTHLYSALES

SELECT


SELECT 
    DATETRUNC(month, SaleDate) AS SaleMonth, 
    SUM(Amount) AS TotalSales
FROM MonthlySales
GROUP BY DATETRUNC(month, SaleDate);
ChatGPT said:
You're almost there — but you're trying to use DATETRUNC() in SQL Server 2019, where it's not supported.

? Here's the corrected version that works in SQL Server 2019:
-- Create and insert
CREATE TABLE MonthlySales (SaleDate DATE, Amount INT);
INSERT INTO MonthlySales VALUES
('2025-01-05', 500),
('2025-01-20', 300),
('2025-02-10', 400);

-- Correct query for SQL Server 2019
SELECT 
    DATEFROMPARTS(YEAR(SaleDate), MONTH(SaleDate), 1) AS SaleMonth,
    SUM(Amount) AS TotalSales
FROM MonthlySales
GROUP BY DATEFROMPARTS(YEAR(SaleDate), MONTH(SaleDate), 1);
?? Explanation:
DATEFROMPARTS(YEAR(SaleDate), MONTH(SaleDate), 1) constructs the first day of the month (like truncating to the month).

You then group and sum sales by this month-start date.

Let me know if you want to include months with zero sales as well (e.g., for reporting).

You said:
I WANT DATE OF 29 TH
ChatGPT said:
If you want to group or reference the 29th day of each month instead of the first, you can modify the query like this:

? Get the 29th of the month for each sale (if it exists):
SELECT 
    DATEFROMPARTS(YEAR(SaleDate), MONTH(SaleDate), 29) AS TwentyNinthOfMonth,
    SUM(Amount) AS TotalSales
FROM MonthlySales
WHERE DAY(SaleDate) <= 29 -- Optional: to avoid dates like 30 or 31 if needed
GROUP BY DATEFROMPARTS(YEAR(SaleDate), MONTH(SaleDate), 29);
?? Important Notes:
This assumes every month has a 29th, which is not always true (e.g. February in non-leap years).

If you're inserting DATEFROMPARTS(2025, 2, 29), SQL Server will throw an error because 2025 is not a leap year.

? Safe version with a CASE (handles February in non-leap years):
SELECT 
    CASE 
        WHEN MONTH(SaleDate) = 2 AND DAY(EOMONTH(SaleDate)) < 29 THEN EOMONTH(SaleDate)
        ELSE DATEFROMPARTS(YEAR(SaleDate), MONTH(SaleDate), 29)
    END AS TargetDate,
    SUM(Amount) AS TotalSales
FROM MonthlySales
GROUP BY 
    CASE 
        WHEN MONTH(SaleDate) = 2 AND DAY(EOMONTH(SaleDate)) < 29 THEN EOMONTH(SaleDate)
        ELSE DATEFROMPARTS(YEAR(SaleDate), MONTH(SaleDate), 29)
    END;
?? This ensures you don't try to create an invalid date like 2025-02-29.

Do you want to filter sales that occurred specifically on the 29th, or just anchor your grouping/reporting to that day each month?


Get smarter responses, upload files and images, and more.










Skip to content
You said:
PIVOT EXAMPLE
ChatGPT said:
Sure! Here's a simple PIVOT example using a dataset and SQL:

?? Initial Table: Sales
Product	Month	Sales
Apple	Jan	100
Apple	Feb	120
Orange	Jan	80
Orange	Feb	90
?? Goal: Pivot the table so each month becomes a column
? Resulting Pivot Table
Product	Jan	Feb
Apple	100	120
Orange	80	90
?? SQL Pivot Query (SQL Server style)
SELECT *
FROM (
    SELECT Product, Month, Sales
    FROM Sales
) AS SourceTable
PIVOT (
    SUM(Sales)
    FOR Month IN ([Jan], [Feb])
) AS PivotTable;
Let me know if you want a version in Excel, Python (Pandas), or another tool.

You said:

CREATE TABLE Sales (CustomerID INT, ProductName VARCHAR(50));
INSERT INTO Sales VALUES 
(1, 'Laptop'),
(1, 'Mouse'),
(2, 'Monitor'),
(2, 'Keyboard'),
(2, 'Webcam');
ChatGPT said:
Thanks! You've created a simple Sales table with customers and the products they purchased. Now let's say you want to pivot this data so that each CustomerID appears once, and the products they bought are shown in separate columns.

?? Goal: Pivot to This Format
CustomerID	Product1	Product2	Product3
1	Laptop	Mouse	NULL
2	Monitor	Keyboard	Webcam
SQL Server doesn't support dynamic pivoting easily without knowing column names in advance, but here's a static version using ROW_NUMBER() and PIVOT logic:

? SQL (Static Pivot using Conditional Aggregation)
WITH RankedSales AS (
    SELECT 
        CustomerID,
        ProductName,
        ROW_NUMBER() OVER (PARTITION BY CustomerID ORDER BY ProductName) AS rn
    FROM Sales
)
SELECT 
    CustomerID,
    MAX(CASE WHEN rn = 1 THEN ProductName END) AS Product1,
    MAX(CASE WHEN rn = 2 THEN ProductName END) AS Product2,
    MAX(CASE WHEN rn = 3 THEN ProductName END) AS Product3
FROM RankedSales
GROUP BY CustomerID;
This will give you the desired pivoted view. Do you want a dynamic version too (for unknown number of products per customer)?







Skip to content
You said:
WHAT ARE NEW ADDED FUNCTIONS IN SQL FROM 2008 TO 2025
ChatGPT said:
Between SQL Server 2008 and SQL Server 2025, numerous functions have been introduced to enhance data manipulation, string processing, JSON handling, and more. Here's an overview of the notable additions:

?? String and Text Functions
STRING_SPLIT (SQL Server 2016): Splits a delimited string into rows.
Big Data & SQL

STRING_AGG (SQL Server 2017): Concatenates values from multiple rows into a single string with a specified separator.

CONCAT_WS (SQL Server 2017): Concatenates strings with a separator, ignoring NULL values.
LearnSQL
+2
SQLRelease
+2
Big Data & SQL
+2

TRIM (SQL Server 2017): Removes leading and trailing spaces from a string.
Big Data & SQL
+4
Kodyaz
+4
SQLRelease
+4

TRANSLATE (SQL Server 2017): Replaces characters in a string based on a mapping.

FORMAT (SQL Server 2012): Formats dates, numbers, and currencies using .NET-style formatting.

DATETRUNC (SQL Server 2022): Truncates a date to the specified precision (e.g., year, quarter, month).

?? Analytical and Aggregate Functions
APPROX_COUNT_DISTINCT (SQL Server 2019): Returns an approximate count of distinct non-null values.
Big Data & SQL

APPROX_PERCENTILE_CONT and APPROX_PERCENTILE_DISC (SQL Server 2022): Calculate approximate percentiles for continuous and discrete data, respectively.

FIRST_VALUE and LAST_VALUE (SQL Server 2012): Return the first and last values in an ordered set, respectively.
C# Corner

?? JSON and Semi-Structured Data Functions
ISJSON (SQL Server 2016): Checks if a string is a valid JSON.

JSON_VALUE, JSON_QUERY, JSON_MODIFY (SQL Server 2016): Extracts scalar values, sub-objects, and modifies JSON data, respectively.

OPENJSON (SQL Server 2016): Converts JSON data into a relational format.

JSON_PATH_EXISTS (SQL Server 2022): Checks if a specified JSON path exists within a JSON string.
LearnSQL

?? Mathematical and Bitwise Functions
GREATEST and LEAST (SQL Server 2022): Return the largest and smallest values from a list of expressions, respectively.
LearnSQL

LEFT_SHIFT and RIGHT_SHIFT (SQL Server 2022): Perform bitwise left and right shifts on integer or binary expressions.
LearnSQL

GENERATE_SERIES (SQL Server 2022): Generates a series of numbers or dates with a specified step.
LearnSQL

??? Utility and System Functions
DROP TABLE IF EXISTS (SQL Server 2016): Simplifies the syntax for dropping a table if it exists.
Big Data & SQL

SESSION_CONTEXT (SQL Server 2016): Stores and retrieves session-specific information.

HOST_NAME (SQL Server 2016): Returns the name of the workstation.

CURRENT_TRANSACTION_ID (SQL Server 2016): Returns the current transaction ID.

COMPRESS and DECOMPRESS (SQL Server 2016): Compress and decompress data, respectively.
Kodyaz

These enhancements reflect SQL Server's evolution to meet modern data processing needs, emphasizing flexibility, performance, and support for semi-structured data.


Favicon
Favicon
Favicon
Favicon
Sources
You said:
EXAMPLES
ChatGPT said:
Sure! Here are practical examples using some of the key SQL Server functions introduced from 2008 to 2025:

?? String and Text Functions
STRING_SPLIT
SELECT value 
FROM STRING_SPLIT('apple,banana,cherry', ',');
Result:

apple  
banana  
cherry  
STRING_AGG
SELECT STRING_AGG(Name, ', ') AS Names
FROM Employees;
Result:

John, Alice, Maria
TRIM
SELECT TRIM('   Hello World   ') AS TrimmedText;
Result:

Hello World
TRANSLATE
SELECT TRANSLATE('ABC123', 'ABC', 'XYZ') AS Result;
Result:

XYZ123
?? Date and Time Functions
DATETRUNC
SELECT DATETRUNC(month, '2025-05-18') AS StartOfMonth;
Result:

2025-05-01
?? Analytical Functions
APPROX_COUNT_DISTINCT
SELECT APPROX_COUNT_DISTINCT(CustomerID) AS UniqueCustomers
FROM Sales;
?? JSON Functions
ISJSON
SELECT ISJSON('{"name":"John"}') AS IsValidJson;
Result:

1
JSON_VALUE
SELECT JSON_VALUE('{"name":"John", "age":30}', '$.name') AS Name;
Result:

John
OPENJSON
SELECT *
FROM OPENJSON('[{"id":1,"name":"Alice"},{"id":2,"name":"Bob"}]');
Result:

key | value                      | type
0   | {"id":1,"name":"Alice"}   | 5
1   | {"id":2,"name":"Bob"}     | 5
?? Math Functions
GREATEST / LEAST
SELECT GREATEST(10, 20, 5) AS MaxValue, LEAST(10, 20, 5) AS MinValue;
Result:

MaxValue | MinValue  
20       | 5
GENERATE_SERIES
SELECT value 
FROM GENERATE_SERIES(1, 5);
Result:

1  
2  
3  
4  
5
Would you like examples specific to a business case, like sales, finance, or HR?

You said:
YES
ChatGPT said:
Great! Here are business-focused SQL examples using the new functions in the context of Sales, Finance, and HR:

?? Sales Scenario
? Use STRING_AGG to List Products Purchased by Each Customer
SELECT 
    CustomerID, 
    STRING_AGG(ProductName, ', ') AS PurchasedProducts
FROM Sales
GROUP BY CustomerID;
Use Case: Easily generate customer purchase summaries for marketing or analytics.

? Use DATETRUNC to Group Sales by Month
SELECT 
    DATETRUNC(month, SaleDate) AS SaleMonth, 
    SUM(Amount) AS TotalSales
FROM Sales
GROUP BY DATETRUNC(month, SaleDate);
Use Case: Monthly revenue trend analysis.

?? Finance Scenario
? Use APPROX_COUNT_DISTINCT for Fast Unique Customer Count
SELECT APPROX_COUNT_DISTINCT(CustomerID) AS UniqueBuyers
FROM Transactions
WHERE TransactionDate BETWEEN '2025-01-01' AND '2025-03-31';
Use Case: Quick estimation of market reach in financial quarters.

? Use GREATEST / LEAST to Flag Risky Transactions
SELECT 
    TransactionID, 
    Amount, 
    GREATEST(Amount, CreditLimit) AS MaxRisk
FROM Accounts;
Use Case: Identify transactions exceeding account limits.

?? HR Scenario
? Use STRING_SPLIT to Normalize Employee Skills
SELECT 
    EmployeeID, 
    value AS Skill
FROM Employees
CROSS APPLY STRING_SPLIT(Skills, ',');
Example Input:
Skills = 'SQL,Python,PowerBI'

Use Case: Skill matrix reports or search by skill.

? Use JSON_VALUE to Extract HR Data from Semi-Structured Resume JSON
SELECT 
    EmployeeID, 
    JSON_VALUE(ResumeJson, '$.education.degree') AS Degree
FROM Applicants;
Use Case: Parsing structured resume data stored in JSON format.

Would you like me to generate a diagram or ERD for one of these scenarios?

You said:
SHOW OUTPUT ALSO
ChatGPT said:
Absolutely! Here are full examples with both the SQL query and the expected output tables, tailored for Sales, Finance, and HR. This should help you clearly visualize how these modern SQL functions behave in real-world use.

?? SALES EXAMPLE — STRING_AGG
?? Goal: Show products each customer bought.
Sample Table: Sales

CustomerID	ProductName
1	Laptop
1	Mouse
2	Monitor
2	Keyboard
2	Webcam
SQL Query:

SELECT 
    CustomerID, 
    STRING_AGG(ProductName, ', ') AS PurchasedProducts
FROM Sales
GROUP BY CustomerID;
Result:

CustomerID	PurchasedProducts
1	Laptop, Mouse
2	Monitor, Keyboard, Webcam
?? SALES EXAMPLE — DATETRUNC
?? Goal: Show total sales per month.
Sample Table: Sales

SaleDate	Amount
2025-01-05	500
2025-01-20	300
2025-02-10	400
SQL Query:

SELECT 
    DATETRUNC(month, SaleDate) AS SaleMonth, 
    SUM(Amount) AS TotalSales
FROM Sales
GROUP BY DATETRUNC(month, SaleDate);
Result:

SaleMonth	TotalSales
2025-01-01	800
2025-02-01	400
?? FINANCE EXAMPLE — GREATEST
?? Goal: Show which transaction is riskier by comparing amount vs credit limit.
Sample Table: Accounts

TransactionID	Amount	CreditLimit
T1	1000	1500
T2	2000	1800
SQL Query:

SELECT 
    TransactionID, 
    Amount, 
    CreditLimit,
    GREATEST(Amount, CreditLimit) AS MaxRisk
FROM Accounts;
Result:

TransactionID	Amount	CreditLimit	MaxRisk
T1	1000	1500	1500
T2	2000	1800	2000
?? HR EXAMPLE — STRING_SPLIT
?? Goal: Normalize a comma-separated list of skills per employee.
Sample Table: Employees

EmployeeID	Skills
101	SQL,Python,PowerBI
SQL Query:

SELECT 
    EmployeeID, 
    value AS Skill
FROM Employees
CROSS APPLY STRING_SPLIT(Skills, ',');
Result:

EmployeeID	Skill
101	SQL
101	Python
101	PowerBI
?? HR EXAMPLE — JSON_VALUE
?? Goal: Extract degree from a resume stored as JSON.
Sample Table: Applicants

EmployeeID	ResumeJson
201	{"name":"Anna","education":{"degree":"MBA"}}
SQL Query:

SELECT 
    EmployeeID, 
    JSON_VALUE(ResumeJson, '$.education.degree') AS Degree
FROM Applicants;
Result:

EmployeeID	Degree
201	MBA
Would you like these examples packaged as runnable SQL scripts or in a downloadable format (like .sql or .csv)?

You said:
OK
ChatGPT said:
To download the SQL examples as a file, you’ll need to be logged in to ChatGPT so I can generate the file directly using Python tools.

In the meantime, here's the full SQL script you can copy and run in your SQL Server environment:

-- SALES EXAMPLE: STRING_AGG
CREATE TABLE Sales (CustomerID INT, ProductName VARCHAR(50));
INSERT INTO Sales VALUES 
(1, 'Laptop'),
(1, 'Mouse'),
(2, 'Monitor'),
(2, 'Keyboard'),
(2, 'Webcam');

SELECT 
    CustomerID, 
    STRING_AGG(ProductName, ', ') AS PurchasedProducts
FROM Sales
GROUP BY CustomerID;

-- SALES EXAMPLE: DATETRUNC
CREATE TABLE MonthlySales (SaleDate DATE, Amount INT);
INSERT INTO MonthlySales VALUES
('2025-01-05', 500),
('2025-01-20', 300),
('2025-02-10', 400);

SELECT 
    DATETRUNC(month, SaleDate) AS SaleMonth, 
    SUM(Amount) AS TotalSales
FROM MonthlySales
GROUP BY DATETRUNC(month, SaleDate);

-- FINANCE EXAMPLE: GREATEST
CREATE TABLE Accounts (TransactionID VARCHAR(10), Amount INT, CreditLimit INT);
INSERT INTO Accounts VALUES
('T1', 1000, 1500),
('T2', 2000, 1800);

SELECT 
    TransactionID, 
    Amount, 
    CreditLimit,
    GREATEST(Amount, CreditLimit) AS MaxRisk
FROM Accounts;

-- HR EXAMPLE: STRING_SPLIT
CREATE TABLE Employees (EmployeeID INT, Skills VARCHAR(100));
INSERT INTO Employees VALUES
(101, 'SQL,Python,PowerBI');

SELECT 
    EmployeeID, 
    value AS Skill
FROM Employees
CROSS APPLY STRING_SPLIT(Skills, ',');

-- HR EXAMPLE: JSON_VALUE
CREATE TABLE Applicants (EmployeeID INT, ResumeJson NVARCHAR(MAX));
INSERT INTO Applicants VALUES
(201, '{"name":"Anna","education":{"degree":"MBA"}}');

SELECT 
    EmployeeID, 
    JSON_VALUE(ResumeJson, '$.education.degree') AS Degree
FROM Applicants;
You can paste this into SSMS (SQL Server Management Studio) or Azure Data Studio and run it directly.

Would you like a version that includes table clean-up commands too (like DROP TABLE IF EXISTS)? 


Log in to analyze data and create charts and tables for free.

Log in

Sign up



Attach

Search

Reason

Voice
ChatGPT can make mistakes. Check important info. See Cookie Preferences.
?
Help us improve your experience
We use cookies and similar technologies to deliver, maintain, and improve our services, and for security purposes. We also use these technologies to understand how users interact with our services (including the effectiveness of our ad campaigns). Learn more in our Cookie Policy.


Reject non-essential

Accept all



Skip to content
You said:
FUCTIONS
ChatGPT said:
It looks like you typed "FUCTIONS" — did you mean "functions"? If so, here are a few interpretations depending on what you're looking for:

1. Math Functions
In mathematics, a function is a rule that assigns each input exactly one output. For example:

f
(
x
)
=
x
2
f(x)=x 
2
  means if you input 2, the output is 
4
4.

2. Programming Functions
In programming, a function is a reusable block of code that performs a specific task. For example, in Python:

def greet(name):
    return f"Hello, {name}!"
3. Types of Functions
Depending on context, functions can refer to:

Linear functions (math)

User-defined functions (coding)

Biological functions (e.g., the function of the heart)

Social events (like a wedding function)

Could you clarify what kind of functions you're interested in?

You said:
IN SQL CLEAN AND NEAT EXPLANATION FOR FUNCTIONS
ChatGPT said:
Certainly! Here's a clean and neat explanation of functions in SQL:

? What Are Functions in SQL?
In SQL, a function is a built-in or user-defined routine that performs a specific task and returns a single value.

Functions are used to:

Perform calculations

Manipulate strings or dates

Format results

Convert data types

Aggregate data

?? Types of Functions in SQL
1. Scalar Functions
Return a single value

Operate on one row at a time

Common examples:

UPPER('hello') ? 'HELLO'

LEN('SQL') ? 3

ROUND(123.456, 2) ? 123.46

2. Aggregate Functions
Return a summary value from multiple rows

Used with GROUP BY

Examples:

SUM(salary) ? Total of all salaries

AVG(age) ? Average age

COUNT(*) ? Number of rows

MAX(price) / MIN(price)

?? Examples
?? Scalar Function Example
SELECT UPPER(name) AS upper_name FROM employees;
Converts employee names to uppercase.

?? Aggregate Function Example
SELECT department, AVG(salary) AS avg_salary
FROM employees
GROUP BY department;
Shows average salary per department.

?? Bonus: User-Defined Functions (UDFs)
In some databases (like SQL Server, PostgreSQL), you can create your own functions:

CREATE FUNCTION get_full_name(first VARCHAR, last VARCHAR)
RETURNS VARCHAR
AS
BEGIN
  RETURN first || ' ' || last;
END;
This custom function joins first and last names.

Let me know if you'd like a cheat sheet or diagram to help visualize this!




Attach

Search

Reason

Voice
ChatGPT can make mistakes. Check important info. See Cookie Preferences.
?
Help us improve your experience
We use cookies and similar technologies to deliver, maintain, and improve our services, and for security purposes. We also use these technologies to understand how users interact with our services (including the effectiveness of our ad campaigns). Learn more in our Cookie Policy.


Reject non-essential

Accept all




Skip to content
You said:
sql for intermediate learners guide me where to start
ChatGPT said:
If you're an intermediate SQL learner, that means you already understand the basics—things like SELECT, WHERE, JOIN, GROUP BY, and simple queries. Now, it's time to level up by diving into more complex concepts, performance optimization, and real-world usage.

Here’s a structured guide to keep your learning focused and practical:

?? 1. Subqueries & Common Table Expressions (CTEs)
Learn: How to write subqueries in SELECT, FROM, and WHERE clauses.

Practice CTEs: Use WITH to write more readable multi-step queries.

Why: Cleaner, modular SQL for complex data transformations.

Example:

WITH recent_orders AS (
    SELECT * FROM orders WHERE order_date > CURRENT_DATE - INTERVAL '30 days'
)
SELECT customer_id, COUNT(*) FROM recent_orders GROUP BY customer_id;
?? 2. Window Functions
Learn: ROW_NUMBER(), RANK(), LEAD(), LAG(), OVER (PARTITION BY...)

Why: Analyze data across rows without collapsing groups (e.g. running totals, previous/next row comparisons).

Example:

SELECT 
    customer_id, 
    order_date, 
    RANK() OVER (PARTITION BY customer_id ORDER BY order_date) AS order_rank
FROM orders;
?? 3. Advanced Joins & Set Operations
Go beyond INNER JOIN: Learn LEFT JOIN, FULL OUTER JOIN, CROSS JOIN, and self joins.

Set Operations: Practice UNION, INTERSECT, and EXCEPT.

?? 4. Indexes & Query Performance
Understand: How indexes work and how they improve query speed.

Tools: Learn to use EXPLAIN or EXPLAIN ANALYZE to inspect queries.

Optimization: Refactor slow queries using indexes, materialized views, or query rewrites.

?? 5. Data Modeling & Normalization
Learn: 1NF, 2NF, 3NF—designing schemas that minimize redundancy.

Practice: Convert a poorly designed schema into a normalized one.

??? 6. Stored Procedures & Triggers
Use Cases: Automate tasks or enforce business rules at the DB level.

Languages: Learn procedural SQL like PL/pgSQL (Postgres) or T-SQL (SQL Server).

?? 7. Case Studies & Projects
Build dashboards or analytics reports.

Create a mini data warehouse with fact/dimension tables.

Use real-world datasets from Kaggle or data.gov.

??? Resources to Use:
Books: SQL Performance Explained by Markus Winand

Courses: Mode SQL Tutorial, LeetCode SQL Practice

Interactive: SQLBolt, DB-Fiddle for testing

Would you like a curated study plan or problem set to go with this outline?

You said:
ok go for no 1
ChatGPT said:
Great! Let's dive into #1: Subqueries and Common Table Expressions (CTEs)—these are foundational tools for writing clean, readable, and efficient SQL, especially for intermediate and advanced tasks.

?? 1A. Subqueries
? What is a Subquery?
A subquery is a query nested inside another query, often used to filter or compute data.

?? Types of Subqueries:
In WHERE clause – Filtering with dynamic values.

In FROM clause – Treats the subquery as a temporary table.

In SELECT clause – Compute a value for each row.

?? Example 1 – WHERE Clause
Find all customers who placed at least one order:

SELECT * FROM customers
WHERE customer_id IN (
    SELECT customer_id FROM orders
);
?? Example 2 – FROM Clause
Get average order total per customer using a derived table:

SELECT customer_id, AVG(total) AS avg_total
FROM (
    SELECT customer_id, total FROM orders
) AS sub
GROUP BY customer_id;
?? Example 3 – SELECT Clause
Show each product and how many times it was ordered:

SELECT 
    product_name,
    (SELECT COUNT(*) FROM order_items WHERE order_items.product_id = products.product_id) AS times_ordered
FROM products;
?? 1B. Common Table Expressions (CTEs)
? What is a CTE?
A CTE lets you define a temporary result set that you can reference within a query—makes complex queries easier to read and maintain.

?? Syntax:
WITH cte_name AS (
    SELECT ...
)
SELECT * FROM cte_name;
?? Example – Use CTE for clarity
Get total orders per customer in the last 30 days:

WITH recent_orders AS (
    SELECT * FROM orders WHERE order_date > CURRENT_DATE - INTERVAL '30 days'
)
SELECT customer_id, COUNT(*) AS order_count
FROM recent_orders
GROUP BY customer_id;
? When to Use:
Complex joins or aggregations

Repeated subqueries

Improving readability in step-by-step logic

Would you like a short practice problem now to try these concepts yourself?

You said:
yes
ChatGPT said:
Awesome! Here's a practice problem for you that covers both subqueries and CTEs.

?? Practice Problem: Orders & Customers
Tables:
customers
customer_id	name	city
1	Alice Smith	New York
2	Bob Johnson	Chicago
3	Carol White	New York
orders
order_id	customer_id	order_date	total_amount
101	1	2024-12-01	150.00
102	1	2025-01-15	200.00
103	2	2025-01-20	50.00
104	3	2025-02-01	300.00
? Your Task
Find the names of customers who placed orders worth more than the average order amount.

? Bonus: Do it in two ways:
Using a subquery

Using a CTE

?? Hints
You’ll need to calculate the average total_amount from the orders table.

Then compare each customer's order(s) to that average.

Use DISTINCT if a customer has multiple qualifying orders.

Would you like me to walk through the solution after you give it a try, or do you want hints first?


Get smarter responses, upload files and images, and more.

Log in

Sign up for free


Attach

Search

Reason

Voice
ChatGPT can make mistakes. Check important info. See Cookie Preferences.
?
Help us improve your experience
We use cookies and similar technologies to deliver, maintain, and improve our services, and for security purposes. We also use these technologies to understand how users interact with our services (including the effectiveness of our ad campaigns). Learn more in our Cookie Policy.


Reject non-essential

Accept all

